{
  "ABIRoot": {
    "kind": "Root",
    "name": "TopLevel",
    "printedName": "TopLevel",
    "children": [
      {
        "kind": "Import",
        "name": "Foundation",
        "printedName": "Foundation",
        "declKind": "Import",
        "moduleName": "Connect",
        "declAttributes": [
          "RawDocComment"
        ]
      },
      {
        "kind": "Import",
        "name": "UIKit",
        "printedName": "UIKit",
        "declKind": "Import",
        "moduleName": "Connect"
      },
      {
        "kind": "Import",
        "name": "SafariServices",
        "printedName": "SafariServices",
        "declKind": "Import",
        "moduleName": "Connect"
      },
      {
        "kind": "TypeDecl",
        "name": "OpenLinkURL",
        "printedName": "OpenLinkURL",
        "declKind": "Class",
        "usr": "s:7Connect11OpenLinkURLC",
        "mangledName": "$s7Connect11OpenLinkURLC",
        "moduleName": "Connect",
        "declAttributes": [
          "AccessControl"
        ],
        "hasMissingDesignatedInitializers": true
      },
      {
        "kind": "Import",
        "name": "Foundation",
        "printedName": "Foundation",
        "declKind": "Import",
        "moduleName": "Connect",
        "declAttributes": [
          "RawDocComment"
        ]
      },
      {
        "kind": "Function",
        "name": "sdkVersion",
        "printedName": "sdkVersion()",
        "children": [
          {
            "kind": "TypeNominal",
            "name": "String",
            "printedName": "Swift.String",
            "usr": "s:SS"
          }
        ],
        "declKind": "Func",
        "usr": "s:7Connect10sdkVersionSSyF",
        "mangledName": "$s7Connect10sdkVersionSSyF",
        "moduleName": "Connect",
        "declAttributes": [
          "AccessControl"
        ],
        "funcSelfKind": "NonMutating"
      },
      {
        "kind": "Import",
        "name": "WebKit",
        "printedName": "WebKit",
        "declKind": "Import",
        "moduleName": "Connect",
        "declAttributes": [
          "RawDocComment"
        ]
      },
      {
        "kind": "Import",
        "name": "LocalAuthentication",
        "printedName": "LocalAuthentication",
        "declKind": "Import",
        "moduleName": "Connect"
      },
      {
        "kind": "Import",
        "name": "SafariServices",
        "printedName": "SafariServices",
        "declKind": "Import",
        "moduleName": "Connect"
      },
      {
        "kind": "TypeDecl",
        "name": "ConnectEventDelegate",
        "printedName": "ConnectEventDelegate",
        "children": [
          {
            "kind": "Function",
            "name": "onCancel",
            "printedName": "onCancel(_:)",
            "children": [
              {
                "kind": "TypeNominal",
                "name": "Void",
                "printedName": "()"
              },
              {
                "kind": "TypeNominal",
                "name": "Optional",
                "printedName": "Foundation.NSDictionary?",
                "children": [
                  {
                    "kind": "TypeNominal",
                    "name": "NSDictionary",
                    "printedName": "Foundation.NSDictionary",
                    "usr": "c:objc(cs)NSDictionary"
                  }
                ],
                "usr": "s:Sq"
              }
            ],
            "declKind": "Func",
            "usr": "s:7Connect0A13EventDelegateP8onCancelyySo12NSDictionaryCSgF",
            "mangledName": "$s7Connect0A13EventDelegateP8onCancelyySo12NSDictionaryCSgF",
            "moduleName": "Connect",
            "genericSig": "<τ_0_0 where τ_0_0 : Connect.ConnectEventDelegate>",
            "sugared_genericSig": "<Self where Self : Connect.ConnectEventDelegate>",
            "protocolReq": true,
            "reqNewWitnessTableEntry": true,
            "funcSelfKind": "NonMutating"
          },
          {
            "kind": "Function",
            "name": "onDone",
            "printedName": "onDone(_:)",
            "children": [
              {
                "kind": "TypeNominal",
                "name": "Void",
                "printedName": "()"
              },
              {
                "kind": "TypeNominal",
                "name": "Optional",
                "printedName": "Foundation.NSDictionary?",
                "children": [
                  {
                    "kind": "TypeNominal",
                    "name": "NSDictionary",
                    "printedName": "Foundation.NSDictionary",
                    "usr": "c:objc(cs)NSDictionary"
                  }
                ],
                "usr": "s:Sq"
              }
            ],
            "declKind": "Func",
            "usr": "s:7Connect0A13EventDelegateP6onDoneyySo12NSDictionaryCSgF",
            "mangledName": "$s7Connect0A13EventDelegateP6onDoneyySo12NSDictionaryCSgF",
            "moduleName": "Connect",
            "genericSig": "<τ_0_0 where τ_0_0 : Connect.ConnectEventDelegate>",
            "sugared_genericSig": "<Self where Self : Connect.ConnectEventDelegate>",
            "protocolReq": true,
            "reqNewWitnessTableEntry": true,
            "funcSelfKind": "NonMutating"
          },
          {
            "kind": "Function",
            "name": "onError",
            "printedName": "onError(_:)",
            "children": [
              {
                "kind": "TypeNominal",
                "name": "Void",
                "printedName": "()"
              },
              {
                "kind": "TypeNominal",
                "name": "Optional",
                "printedName": "Foundation.NSDictionary?",
                "children": [
                  {
                    "kind": "TypeNominal",
                    "name": "NSDictionary",
                    "printedName": "Foundation.NSDictionary",
                    "usr": "c:objc(cs)NSDictionary"
                  }
                ],
                "usr": "s:Sq"
              }
            ],
            "declKind": "Func",
            "usr": "s:7Connect0A13EventDelegateP7onErroryySo12NSDictionaryCSgF",
            "mangledName": "$s7Connect0A13EventDelegateP7onErroryySo12NSDictionaryCSgF",
            "moduleName": "Connect",
            "genericSig": "<τ_0_0 where τ_0_0 : Connect.ConnectEventDelegate>",
            "sugared_genericSig": "<Self where Self : Connect.ConnectEventDelegate>",
            "protocolReq": true,
            "reqNewWitnessTableEntry": true,
            "funcSelfKind": "NonMutating"
          },
          {
            "kind": "Function",
            "name": "onLoad",
            "printedName": "onLoad()",
            "children": [
              {
                "kind": "TypeNominal",
                "name": "Void",
                "printedName": "()"
              }
            ],
            "declKind": "Func",
            "usr": "s:7Connect0A13EventDelegateP6onLoadyyF",
            "mangledName": "$s7Connect0A13EventDelegateP6onLoadyyF",
            "moduleName": "Connect",
            "genericSig": "<τ_0_0 where τ_0_0 : Connect.ConnectEventDelegate>",
            "sugared_genericSig": "<Self where Self : Connect.ConnectEventDelegate>",
            "protocolReq": true,
            "reqNewWitnessTableEntry": true,
            "funcSelfKind": "NonMutating"
          },
          {
            "kind": "Function",
            "name": "onRoute",
            "printedName": "onRoute(_:)",
            "children": [
              {
                "kind": "TypeNominal",
                "name": "Void",
                "printedName": "()"
              },
              {
                "kind": "TypeNominal",
                "name": "Optional",
                "printedName": "Foundation.NSDictionary?",
                "children": [
                  {
                    "kind": "TypeNominal",
                    "name": "NSDictionary",
                    "printedName": "Foundation.NSDictionary",
                    "usr": "c:objc(cs)NSDictionary"
                  }
                ],
                "usr": "s:Sq"
              }
            ],
            "declKind": "Func",
            "usr": "s:7Connect0A13EventDelegateP7onRouteyySo12NSDictionaryCSgF",
            "mangledName": "$s7Connect0A13EventDelegateP7onRouteyySo12NSDictionaryCSgF",
            "moduleName": "Connect",
            "genericSig": "<τ_0_0 where τ_0_0 : Connect.ConnectEventDelegate>",
            "sugared_genericSig": "<Self where Self : Connect.ConnectEventDelegate>",
            "protocolReq": true,
            "reqNewWitnessTableEntry": true,
            "funcSelfKind": "NonMutating"
          },
          {
            "kind": "Function",
            "name": "onUser",
            "printedName": "onUser(_:)",
            "children": [
              {
                "kind": "TypeNominal",
                "name": "Void",
                "printedName": "()"
              },
              {
                "kind": "TypeNominal",
                "name": "Optional",
                "printedName": "Foundation.NSDictionary?",
                "children": [
                  {
                    "kind": "TypeNominal",
                    "name": "NSDictionary",
                    "printedName": "Foundation.NSDictionary",
                    "usr": "c:objc(cs)NSDictionary"
                  }
                ],
                "usr": "s:Sq"
              }
            ],
            "declKind": "Func",
            "usr": "s:7Connect0A13EventDelegateP6onUseryySo12NSDictionaryCSgF",
            "mangledName": "$s7Connect0A13EventDelegateP6onUseryySo12NSDictionaryCSgF",
            "moduleName": "Connect",
            "genericSig": "<τ_0_0 where τ_0_0 : Connect.ConnectEventDelegate>",
            "sugared_genericSig": "<Self where Self : Connect.ConnectEventDelegate>",
            "protocolReq": true,
            "reqNewWitnessTableEntry": true,
            "funcSelfKind": "NonMutating"
          }
        ],
        "declKind": "Protocol",
        "usr": "s:7Connect0A13EventDelegateP",
        "mangledName": "$s7Connect0A13EventDelegateP",
        "moduleName": "Connect",
        "genericSig": "<τ_0_0 : AnyObject>",
        "sugared_genericSig": "<Self : AnyObject>",
        "declAttributes": [
          "AccessControl"
        ]
      },
      {
        "kind": "TypeDecl",
        "name": "ConnectViewController",
        "printedName": "ConnectViewController",
        "children": [
          {
            "kind": "Var",
            "name": "delegate",
            "printedName": "delegate",
            "children": [
              {
                "kind": "TypeNominal",
                "name": "WeakStorage",
                "printedName": "(any Connect.ConnectEventDelegate)?"
              }
            ],
            "declKind": "Var",
            "usr": "s:7Connect0A14ViewControllerC8delegateAA0A13EventDelegate_pSgvp",
            "mangledName": "$s7Connect0A14ViewControllerC8delegateAA0A13EventDelegate_pSgvp",
            "moduleName": "Connect",
            "declAttributes": [
              "HasInitialValue",
              "HasStorage",
              "Custom",
              "ReferenceOwnership",
              "AccessControl"
            ],
            "ownership": 1,
            "hasStorage": true,
            "accessors": [
              {
                "kind": "Accessor",
                "name": "Get",
                "printedName": "Get()",
                "children": [
                  {
                    "kind": "TypeNominal",
                    "name": "Optional",
                    "printedName": "(any Connect.ConnectEventDelegate)?",
                    "children": [
                      {
                        "kind": "TypeNominal",
                        "name": "ConnectEventDelegate",
                        "printedName": "any Connect.ConnectEventDelegate",
                        "usr": "s:7Connect0A13EventDelegateP"
                      }
                    ],
                    "usr": "s:Sq"
                  }
                ],
                "declKind": "Accessor",
                "usr": "s:7Connect0A14ViewControllerC8delegateAA0A13EventDelegate_pSgvg",
                "mangledName": "$s7Connect0A14ViewControllerC8delegateAA0A13EventDelegate_pSgvg",
                "moduleName": "Connect",
                "implicit": true,
                "accessorKind": "get"
              },
              {
                "kind": "Accessor",
                "name": "Set",
                "printedName": "Set()",
                "children": [
                  {
                    "kind": "TypeNominal",
                    "name": "Void",
                    "printedName": "()"
                  },
                  {
                    "kind": "TypeNominal",
                    "name": "Optional",
                    "printedName": "(any Connect.ConnectEventDelegate)?",
                    "children": [
                      {
                        "kind": "TypeNominal",
                        "name": "ConnectEventDelegate",
                        "printedName": "any Connect.ConnectEventDelegate",
                        "usr": "s:7Connect0A13EventDelegateP"
                      }
                    ],
                    "usr": "s:Sq"
                  }
                ],
                "declKind": "Accessor",
                "usr": "s:7Connect0A14ViewControllerC8delegateAA0A13EventDelegate_pSgvs",
                "mangledName": "$s7Connect0A14ViewControllerC8delegateAA0A13EventDelegate_pSgvs",
                "moduleName": "Connect",
                "implicit": true,
                "accessorKind": "set"
              },
              {
                "kind": "Accessor",
                "name": "Modify",
                "printedName": "Modify()",
                "children": [
                  {
                    "kind": "TypeNominal",
                    "name": "Void",
                    "printedName": "()"
                  }
                ],
                "declKind": "Accessor",
                "usr": "s:7Connect0A14ViewControllerC8delegateAA0A13EventDelegate_pSgvM",
                "mangledName": "$s7Connect0A14ViewControllerC8delegateAA0A13EventDelegate_pSgvM",
                "moduleName": "Connect",
                "implicit": true,
                "accessorKind": "_modify"
              }
            ]
          },
          {
            "kind": "Function",
            "name": "viewDidLoad",
            "printedName": "viewDidLoad()",
            "children": [
              {
                "kind": "TypeNominal",
                "name": "Void",
                "printedName": "()"
              }
            ],
            "declKind": "Func",
            "usr": "c:@M@Connect@objc(cs)ConnectViewController(im)viewDidLoad",
            "mangledName": "$s7Connect0A14ViewControllerC11viewDidLoadyyF",
            "moduleName": "Connect",
            "overriding": true,
            "objc_name": "viewDidLoad",
            "declAttributes": [
              "Dynamic",
              "ObjC",
              "Custom",
              "AccessControl",
              "Override"
            ],
            "funcSelfKind": "NonMutating"
          },
          {
            "kind": "Function",
            "name": "viewWillAppear",
            "printedName": "viewWillAppear(_:)",
            "children": [
              {
                "kind": "TypeNominal",
                "name": "Void",
                "printedName": "()"
              },
              {
                "kind": "TypeNominal",
                "name": "Bool",
                "printedName": "Swift.Bool",
                "usr": "s:Sb"
              }
            ],
            "declKind": "Func",
            "usr": "c:@M@Connect@objc(cs)ConnectViewController(im)viewWillAppear:",
            "mangledName": "$s7Connect0A14ViewControllerC14viewWillAppearyySbF",
            "moduleName": "Connect",
            "overriding": true,
            "objc_name": "viewWillAppear:",
            "declAttributes": [
              "Dynamic",
              "ObjC",
              "Custom",
              "AccessControl",
              "Override"
            ],
            "funcSelfKind": "NonMutating"
          },
          {
            "kind": "Function",
            "name": "viewWillDisappear",
            "printedName": "viewWillDisappear(_:)",
            "children": [
              {
                "kind": "TypeNominal",
                "name": "Void",
                "printedName": "()"
              },
              {
                "kind": "TypeNominal",
                "name": "Bool",
                "printedName": "Swift.Bool",
                "usr": "s:Sb"
              }
            ],
            "declKind": "Func",
            "usr": "c:@M@Connect@objc(cs)ConnectViewController(im)viewWillDisappear:",
            "mangledName": "$s7Connect0A14ViewControllerC17viewWillDisappearyySbF",
            "moduleName": "Connect",
            "overriding": true,
            "objc_name": "viewWillDisappear:",
            "declAttributes": [
              "Dynamic",
              "ObjC",
              "Custom",
              "AccessControl",
              "Override"
            ],
            "funcSelfKind": "NonMutating"
          },
          {
            "kind": "Function",
            "name": "load",
            "printedName": "load(_:redirectUrl:)",
            "children": [
              {
                "kind": "TypeNominal",
                "name": "Void",
                "printedName": "()"
              },
              {
                "kind": "TypeNominal",
                "name": "String",
                "printedName": "Swift.String",
                "usr": "s:SS"
              },
              {
                "kind": "TypeNominal",
                "name": "Optional",
                "printedName": "Swift.String?",
                "children": [
                  {
                    "kind": "TypeNominal",
                    "name": "String",
                    "printedName": "Swift.String",
                    "usr": "s:SS"
                  }
                ],
                "hasDefaultArg": true,
                "usr": "s:Sq"
              }
            ],
            "declKind": "Func",
            "usr": "s:7Connect0A14ViewControllerC4load_11redirectUrlySS_SSSgtF",
            "mangledName": "$s7Connect0A14ViewControllerC4load_11redirectUrlySS_SSSgtF",
            "moduleName": "Connect",
            "declAttributes": [
              "Custom",
              "AccessControl",
              "RawDocComment"
            ],
            "funcSelfKind": "NonMutating"
          },
          {
            "kind": "Function",
            "name": "unload",
            "printedName": "unload()",
            "children": [
              {
                "kind": "TypeNominal",
                "name": "Void",
                "printedName": "()"
              }
            ],
            "declKind": "Func",
            "usr": "s:7Connect0A14ViewControllerC6unloadyyF",
            "mangledName": "$s7Connect0A14ViewControllerC6unloadyyF",
            "moduleName": "Connect",
            "declAttributes": [
              "Custom",
              "AccessControl"
            ],
            "funcSelfKind": "NonMutating"
          },
          {
            "kind": "Function",
            "name": "close",
            "printedName": "close()",
            "children": [
              {
                "kind": "TypeNominal",
                "name": "Void",
                "printedName": "()"
              }
            ],
            "declKind": "Func",
            "usr": "s:7Connect0A14ViewControllerC5closeyyF",
            "mangledName": "$s7Connect0A14ViewControllerC5closeyyF",
            "moduleName": "Connect",
            "declAttributes": [
              "Custom",
              "AccessControl"
            ],
            "funcSelfKind": "NonMutating"
          },
          {
            "kind": "Function",
            "name": "observeValue",
            "printedName": "observeValue(forKeyPath:of:change:context:)",
            "children": [
              {
                "kind": "TypeNominal",
                "name": "Void",
                "printedName": "()"
              },
              {
                "kind": "TypeNominal",
                "name": "Optional",
                "printedName": "Swift.String?",
                "children": [
                  {
                    "kind": "TypeNominal",
                    "name": "String",
                    "printedName": "Swift.String",
                    "usr": "s:SS"
                  }
                ],
                "usr": "s:Sq"
              },
              {
                "kind": "TypeNominal",
                "name": "Optional",
                "printedName": "Any?",
                "children": [
                  {
                    "kind": "TypeNominal",
                    "name": "ProtocolComposition",
                    "printedName": "Any"
                  }
                ],
                "usr": "s:Sq"
              },
              {
                "kind": "TypeNominal",
                "name": "Optional",
                "printedName": "[Foundation.NSKeyValueChangeKey : Any]?",
                "children": [
                  {
                    "kind": "TypeNominal",
                    "name": "Dictionary",
                    "printedName": "[Foundation.NSKeyValueChangeKey : Any]",
                    "children": [
                      {
                        "kind": "TypeNominal",
                        "name": "NSKeyValueChangeKey",
                        "printedName": "Foundation.NSKeyValueChangeKey",
                        "usr": "c:@T@NSKeyValueChangeKey"
                      },
                      {
                        "kind": "TypeNominal",
                        "name": "ProtocolComposition",
                        "printedName": "Any"
                      }
                    ],
                    "usr": "s:SD"
                  }
                ],
                "usr": "s:Sq"
              },
              {
                "kind": "TypeNominal",
                "name": "Optional",
                "printedName": "Swift.UnsafeMutableRawPointer?",
                "children": [
                  {
                    "kind": "TypeNominal",
                    "name": "UnsafeMutableRawPointer",
                    "printedName": "Swift.UnsafeMutableRawPointer",
                    "usr": "s:Sv"
                  }
                ],
                "usr": "s:Sq"
              }
            ],
            "declKind": "Func",
            "usr": "c:@M@Connect@objc(cs)ConnectViewController(im)observeValueForKeyPath:ofObject:change:context:",
            "mangledName": "$s7Connect0A14ViewControllerC12observeValue10forKeyPath2of6change7contextySSSg_ypSgSDySo05NSKeye6ChangeG0aypGSgSvSgtF",
            "moduleName": "Connect",
            "overriding": true,
            "objc_name": "observeValueForKeyPath:ofObject:change:context:",
            "declAttributes": [
              "Dynamic",
              "ObjC",
              "Custom",
              "AccessControl",
              "Override"
            ],
            "funcSelfKind": "NonMutating"
          },
          {
            "kind": "Constructor",
            "name": "init",
            "printedName": "init(nibName:bundle:)",
            "children": [
              {
                "kind": "TypeNominal",
                "name": "ConnectViewController",
                "printedName": "Connect.ConnectViewController",
                "usr": "c:@M@Connect@objc(cs)ConnectViewController"
              },
              {
                "kind": "TypeNominal",
                "name": "Optional",
                "printedName": "Swift.String?",
                "children": [
                  {
                    "kind": "TypeNominal",
                    "name": "String",
                    "printedName": "Swift.String",
                    "usr": "s:SS"
                  }
                ],
                "usr": "s:Sq"
              },
              {
                "kind": "TypeNominal",
                "name": "Optional",
                "printedName": "Foundation.Bundle?",
                "children": [
                  {
                    "kind": "TypeNominal",
                    "name": "Bundle",
                    "printedName": "Foundation.Bundle",
                    "usr": "c:objc(cs)NSBundle"
                  }
                ],
                "usr": "s:Sq"
              }
            ],
            "declKind": "Constructor",
            "usr": "c:@M@Connect@objc(cs)ConnectViewController(im)initWithNibName:bundle:",
            "mangledName": "$s7Connect0A14ViewControllerC7nibName6bundleACSSSg_So8NSBundleCSgtcfc",
            "moduleName": "Connect",
            "overriding": true,
            "implicit": true,
            "objc_name": "initWithNibName:bundle:",
            "declAttributes": [
              "Dynamic",
              "ObjC",
              "Custom",
              "Override"
            ],
            "init_kind": "Designated"
          },
          {
            "kind": "Constructor",
            "name": "init",
            "printedName": "init(coder:)",
            "children": [
              {
                "kind": "TypeNominal",
                "name": "Optional",
                "printedName": "Connect.ConnectViewController?",
                "children": [
                  {
                    "kind": "TypeNominal",
                    "name": "ConnectViewController",
                    "printedName": "Connect.ConnectViewController",
                    "usr": "c:@M@Connect@objc(cs)ConnectViewController"
                  }
                ],
                "usr": "s:Sq"
              },
              {
                "kind": "TypeNominal",
                "name": "NSCoder",
                "printedName": "Foundation.NSCoder",
                "usr": "c:objc(cs)NSCoder"
              }
            ],
            "declKind": "Constructor",
            "usr": "c:@M@Connect@objc(cs)ConnectViewController(im)initWithCoder:",
            "mangledName": "$s7Connect0A14ViewControllerC5coderACSgSo7NSCoderC_tcfc",
            "moduleName": "Connect",
            "overriding": true,
            "implicit": true,
            "objc_name": "initWithCoder:",
            "declAttributes": [
              "Dynamic",
              "ObjC",
              "Custom",
              "Required"
            ],
            "init_kind": "Designated"
          },
          {
            "kind": "Function",
            "name": "webView",
            "printedName": "webView(_:decidePolicyFor:decisionHandler:)",
            "children": [
              {
                "kind": "TypeNominal",
                "name": "Void",
                "printedName": "()"
              },
              {
                "kind": "TypeNominal",
                "name": "WKWebView",
                "printedName": "WebKit.WKWebView",
                "usr": "c:objc(cs)WKWebView"
              },
              {
                "kind": "TypeNominal",
                "name": "WKNavigationAction",
                "printedName": "WebKit.WKNavigationAction",
                "usr": "c:objc(cs)WKNavigationAction"
              },
              {
                "kind": "TypeFunc",
                "name": "Function",
                "printedName": "(WebKit.WKNavigationActionPolicy) -> ()",
                "children": [
                  {
                    "kind": "TypeNominal",
                    "name": "Void",
                    "printedName": "()"
                  },
                  {
                    "kind": "TypeNominal",
                    "name": "WKNavigationActionPolicy",
                    "printedName": "WebKit.WKNavigationActionPolicy",
                    "usr": "c:@E@WKNavigationActionPolicy"
                  }
                ]
              }
            ],
            "declKind": "Func",
            "usr": "c:@CM@Connect@objc(cs)ConnectViewController(im)webView:decidePolicyForNavigationAction:decisionHandler:",
            "mangledName": "$s7Connect0A14ViewControllerC03webB0_15decidePolicyFor15decisionHandlerySo05WKWebB0C_So18WKNavigationActionCySo0klF0VctF",
            "moduleName": "Connect",
            "objc_name": "webView:decidePolicyForNavigationAction:decisionHandler:",
            "declAttributes": [
              "Dynamic",
              "ObjC",
              "Custom",
              "AccessControl"
            ],
            "isFromExtension": true,
            "funcSelfKind": "NonMutating"
          },
          {
            "kind": "Function",
            "name": "webView",
            "printedName": "webView(_:createWebViewWith:for:windowFeatures:)",
            "children": [
              {
                "kind": "TypeNominal",
                "name": "Optional",
                "printedName": "WebKit.WKWebView?",
                "children": [
                  {
                    "kind": "TypeNominal",
                    "name": "WKWebView",
                    "printedName": "WebKit.WKWebView",
                    "usr": "c:objc(cs)WKWebView"
                  }
                ],
                "usr": "s:Sq"
              },
              {
                "kind": "TypeNominal",
                "name": "WKWebView",
                "printedName": "WebKit.WKWebView",
                "usr": "c:objc(cs)WKWebView"
              },
              {
                "kind": "TypeNominal",
                "name": "WKWebViewConfiguration",
                "printedName": "WebKit.WKWebViewConfiguration",
                "usr": "c:objc(cs)WKWebViewConfiguration"
              },
              {
                "kind": "TypeNominal",
                "name": "WKNavigationAction",
                "printedName": "WebKit.WKNavigationAction",
                "usr": "c:objc(cs)WKNavigationAction"
              },
              {
                "kind": "TypeNominal",
                "name": "WKWindowFeatures",
                "printedName": "WebKit.WKWindowFeatures",
                "usr": "c:objc(cs)WKWindowFeatures"
              }
            ],
            "declKind": "Func",
            "usr": "c:@CM@Connect@objc(cs)ConnectViewController(im)webView:createWebViewWithConfiguration:forNavigationAction:windowFeatures:",
            "mangledName": "$s7Connect0A14ViewControllerC03webB0_09createWebB4With3for14windowFeaturesSo05WKWebB0CSgAI_So0kB13ConfigurationCSo18WKNavigationActionCSo08WKWindowJ0CtF",
            "moduleName": "Connect",
            "objc_name": "webView:createWebViewWithConfiguration:forNavigationAction:windowFeatures:",
            "declAttributes": [
              "Dynamic",
              "ObjC",
              "Custom",
              "AccessControl"
            ],
            "isFromExtension": true,
            "funcSelfKind": "NonMutating"
          },
          {
            "kind": "Function",
            "name": "webViewDidClose",
            "printedName": "webViewDidClose(_:)",
            "children": [
              {
                "kind": "TypeNominal",
                "name": "Void",
                "printedName": "()"
              },
              {
                "kind": "TypeNominal",
                "name": "WKWebView",
                "printedName": "WebKit.WKWebView",
                "usr": "c:objc(cs)WKWebView"
              }
            ],
            "declKind": "Func",
            "usr": "c:@CM@Connect@objc(cs)ConnectViewController(im)webViewDidClose:",
            "mangledName": "$s7Connect0A14ViewControllerC03webB8DidCloseyySo05WKWebB0CF",
            "moduleName": "Connect",
            "objc_name": "webViewDidClose:",
            "declAttributes": [
              "Dynamic",
              "ObjC",
              "Custom",
              "AccessControl"
            ],
            "isFromExtension": true,
            "funcSelfKind": "NonMutating"
          },
          {
            "kind": "Function",
            "name": "userContentController",
            "printedName": "userContentController(_:didReceive:)",
            "children": [
              {
                "kind": "TypeNominal",
                "name": "Void",
                "printedName": "()"
              },
              {
                "kind": "TypeNominal",
                "name": "WKUserContentController",
                "printedName": "WebKit.WKUserContentController",
                "usr": "c:objc(cs)WKUserContentController"
              },
              {
                "kind": "TypeNominal",
                "name": "WKScriptMessage",
                "printedName": "WebKit.WKScriptMessage",
                "usr": "c:objc(cs)WKScriptMessage"
              }
            ],
            "declKind": "Func",
            "usr": "c:@CM@Connect@objc(cs)ConnectViewController(im)userContentController:didReceiveScriptMessage:",
            "mangledName": "$s7Connect0A14ViewControllerC011userContentC0_10didReceiveySo06WKUsereC0C_So15WKScriptMessageCtF",
            "moduleName": "Connect",
            "objc_name": "userContentController:didReceiveScriptMessage:",
            "declAttributes": [
              "Dynamic",
              "ObjC",
              "Custom",
              "AccessControl"
            ],
            "isFromExtension": true,
            "funcSelfKind": "NonMutating"
          },
          {
            "kind": "Function",
            "name": "safariViewControllerDidFinish",
            "printedName": "safariViewControllerDidFinish(_:)",
            "children": [
              {
                "kind": "TypeNominal",
                "name": "Void",
                "printedName": "()"
              },
              {
                "kind": "TypeNominal",
                "name": "SFSafariViewController",
                "printedName": "SafariServices.SFSafariViewController",
                "usr": "c:objc(cs)SFSafariViewController"
              }
            ],
            "declKind": "Func",
            "usr": "c:@CM@Connect@objc(cs)ConnectViewController(im)safariViewControllerDidFinish:",
            "mangledName": "$s7Connect0A14ViewControllerC06safaribC9DidFinishyySo08SFSafaribC0CF",
            "moduleName": "Connect",
            "objc_name": "safariViewControllerDidFinish:",
            "declAttributes": [
              "Dynamic",
              "ObjC",
              "Custom",
              "AccessControl"
            ],
            "isFromExtension": true,
            "funcSelfKind": "NonMutating"
          }
        ],
        "declKind": "Class",
        "usr": "c:@M@Connect@objc(cs)ConnectViewController",
        "mangledName": "$s7Connect0A14ViewControllerC",
        "moduleName": "Connect",
        "declAttributes": [
          "Custom",
          "AccessControl",
          "ObjC"
        ],
        "superclassUsr": "c:objc(cs)UIViewController",
        "inheritsConvenienceInitializers": true,
        "superclassNames": [
          "UIKit.UIViewController",
          "UIKit.UIResponder",
          "ObjectiveC.NSObject"
        ],
        "conformances": [
          {
            "kind": "Conformance",
            "name": "Equatable",
            "printedName": "Equatable",
            "usr": "s:SQ",
            "mangledName": "$sSQ"
          },
          {
            "kind": "Conformance",
            "name": "Hashable",
            "printedName": "Hashable",
            "usr": "s:SH",
            "mangledName": "$sSH"
          },
          {
            "kind": "Conformance",
            "name": "CVarArg",
            "printedName": "CVarArg",
            "usr": "s:s7CVarArgP",
            "mangledName": "$ss7CVarArgP"
          },
          {
            "kind": "Conformance",
            "name": "_KeyValueCodingAndObservingPublishing",
            "printedName": "_KeyValueCodingAndObservingPublishing",
            "usr": "s:10Foundation37_KeyValueCodingAndObservingPublishingP",
            "mangledName": "$s10Foundation37_KeyValueCodingAndObservingPublishingP"
          },
          {
            "kind": "Conformance",
            "name": "_KeyValueCodingAndObserving",
            "printedName": "_KeyValueCodingAndObserving",
            "usr": "s:10Foundation27_KeyValueCodingAndObservingP",
            "mangledName": "$s10Foundation27_KeyValueCodingAndObservingP"
          },
          {
            "kind": "Conformance",
            "name": "CustomStringConvertible",
            "printedName": "CustomStringConvertible",
            "usr": "s:s23CustomStringConvertibleP",
            "mangledName": "$ss23CustomStringConvertibleP"
          },
          {
            "kind": "Conformance",
            "name": "CustomDebugStringConvertible",
            "printedName": "CustomDebugStringConvertible",
            "usr": "s:s28CustomDebugStringConvertibleP",
            "mangledName": "$ss28CustomDebugStringConvertibleP"
          },
          {
            "kind": "Conformance",
            "name": "Sendable",
            "printedName": "Sendable",
            "usr": "s:s8SendableP",
            "mangledName": "$ss8SendableP"
          },
          {
            "kind": "Conformance",
            "name": "UITraitChangeObservable",
            "printedName": "UITraitChangeObservable",
            "usr": "s:5UIKit23UITraitChangeObservableP",
            "mangledName": "$s5UIKit23UITraitChangeObservableP"
          }
        ]
      }
    ],
    "json_format_version": 8
  },
  "ConstValues": [
    {
      "filePath": "\/Users\/e113257\/ios-sdk\/Connect\/OpenLinkURL.swift",
      "kind": "BooleanLiteral",
      "offset": 359,
      "length": 5,
      "value": "false"
    },
    {
      "filePath": "\/Users\/e113257\/ios-sdk\/Connect\/ConnectViewController.swift",
      "kind": "StringLiteral",
      "offset": 976,
      "length": 5,
      "value": "\"ack\""
    },
    {
      "filePath": "\/Users\/e113257\/ios-sdk\/Connect\/ConnectViewController.swift",
      "kind": "StringLiteral",
      "offset": 1004,
      "length": 12,
      "value": "\"closePopup\""
    },
    {
      "filePath": "\/Users\/e113257\/ios-sdk\/Connect\/ConnectViewController.swift",
      "kind": "StringLiteral",
      "offset": 1033,
      "length": 6,
      "value": "\"ping\""
    },
    {
      "filePath": "\/Users\/e113257\/ios-sdk\/Connect\/ConnectViewController.swift",
      "kind": "StringLiteral",
      "offset": 1055,
      "length": 5,
      "value": "\"url\""
    },
    {
      "filePath": "\/Users\/e113257\/ios-sdk\/Connect\/ConnectViewController.swift",
      "kind": "StringLiteral",
      "offset": 1124,
      "length": 8,
      "value": "\"cancel\""
    },
    {
      "filePath": "\/Users\/e113257\/ios-sdk\/Connect\/ConnectViewController.swift",
      "kind": "StringLiteral",
      "offset": 1149,
      "length": 6,
      "value": "\"done\""
    },
    {
      "filePath": "\/Users\/e113257\/ios-sdk\/Connect\/ConnectViewController.swift",
      "kind": "StringLiteral",
      "offset": 1173,
      "length": 7,
      "value": "\"error\""
    },
    {
      "filePath": "\/Users\/e113257\/ios-sdk\/Connect\/ConnectViewController.swift",
      "kind": "StringLiteral",
      "offset": 1198,
      "length": 7,
      "value": "\"route\""
    },
    {
      "filePath": "\/Users\/e113257\/ios-sdk\/Connect\/ConnectViewController.swift",
      "kind": "StringLiteral",
      "offset": 1222,
      "length": 6,
      "value": "\"user\""
    },
    {
      "filePath": "\/Users\/e113257\/ios-sdk\/Connect\/ConnectViewController.swift",
      "kind": "StringLiteral",
      "offset": 976,
      "length": 5,
      "value": "\"ack\""
    },
    {
      "filePath": "\/Users\/e113257\/ios-sdk\/Connect\/ConnectViewController.swift",
      "kind": "StringLiteral",
      "offset": 1004,
      "length": 12,
      "value": "\"closePopup\""
    },
    {
      "filePath": "\/Users\/e113257\/ios-sdk\/Connect\/ConnectViewController.swift",
      "kind": "StringLiteral",
      "offset": 1033,
      "length": 6,
      "value": "\"ping\""
    },
    {
      "filePath": "\/Users\/e113257\/ios-sdk\/Connect\/ConnectViewController.swift",
      "kind": "StringLiteral",
      "offset": 1055,
      "length": 5,
      "value": "\"url\""
    },
    {
      "filePath": "\/Users\/e113257\/ios-sdk\/Connect\/ConnectViewController.swift",
      "kind": "StringLiteral",
      "offset": 1124,
      "length": 8,
      "value": "\"cancel\""
    },
    {
      "filePath": "\/Users\/e113257\/ios-sdk\/Connect\/ConnectViewController.swift",
      "kind": "StringLiteral",
      "offset": 1149,
      "length": 6,
      "value": "\"done\""
    },
    {
      "filePath": "\/Users\/e113257\/ios-sdk\/Connect\/ConnectViewController.swift",
      "kind": "StringLiteral",
      "offset": 1173,
      "length": 7,
      "value": "\"error\""
    },
    {
      "filePath": "\/Users\/e113257\/ios-sdk\/Connect\/ConnectViewController.swift",
      "kind": "StringLiteral",
      "offset": 1198,
      "length": 7,
      "value": "\"route\""
    },
    {
      "filePath": "\/Users\/e113257\/ios-sdk\/Connect\/ConnectViewController.swift",
      "kind": "StringLiteral",
      "offset": 1222,
      "length": 6,
      "value": "\"user\""
    },
    {
      "filePath": "\/Users\/e113257\/ios-sdk\/Connect\/ConnectViewController.swift",
      "kind": "StringLiteral",
      "offset": 1607,
      "length": 2,
      "value": "\"\""
    },
    {
      "filePath": "\/Users\/e113257\/ios-sdk\/Connect\/ConnectViewController.swift",
      "kind": "StringLiteral",
      "offset": 1686,
      "length": 12,
      "value": "\"iosConnect\""
    },
    {
      "filePath": "\/Users\/e113257\/ios-sdk\/Connect\/ConnectViewController.swift",
      "kind": "BooleanLiteral",
      "offset": 1744,
      "length": 5,
      "value": "false"
    },
    {
      "filePath": "\/Users\/e113257\/ios-sdk\/Connect\/ConnectViewController.swift",
      "kind": "BooleanLiteral",
      "offset": 1782,
      "length": 5,
      "value": "false"
    },
    {
      "filePath": "\/Users\/e113257\/ios-sdk\/Connect\/ConnectViewController.swift",
      "kind": "BooleanLiteral",
      "offset": 1822,
      "length": 5,
      "value": "false"
    },
    {
      "filePath": "\/Users\/e113257\/ios-sdk\/Connect\/ConnectViewController.swift",
      "kind": "BooleanLiteral",
      "offset": 1863,
      "length": 5,
      "value": "false"
    },
    {
      "filePath": "\/Users\/e113257\/ios-sdk\/Connect\/ConnectViewController.swift",
      "kind": "BooleanLiteral",
      "offset": 1909,
      "length": 5,
      "value": "false"
    }
  ]
}